country_code,country,year,value,country_standardized
AGO,Angola,2000,52.0,Angola
AGO,Angola,2008,42.7,Angola
AGO,Angola,2018,51.3,Angola
ALB,Albania,1996,27.0,Albania
ALB,Albania,2002,31.7,Albania
ALB,Albania,2005,30.6,Albania
ALB,Albania,2008,30.0,Albania
ALB,Albania,2012,29.0,Albania
ALB,Albania,2014,34.6,Albania
ALB,Albania,2015,32.8,Albania
ALB,Albania,2016,33.7,Albania
ALB,Albania,2017,33.1,Albania
ALB,Albania,2018,30.1,Albania
ALB,Albania,2019,30.8,Albania
ARE,United Arab Emirates,2013,32.5,United Arab Emirates
ARE,United Arab Emirates,2014,32.5,United Arab Emirates
ARE,United Arab Emirates,2018,26.0,United Arab Emirates
ARG,Argentina,1980,40.8,Argentina
ARG,Argentina,1986,42.8,Argentina
ARG,Argentina,1987,45.3,Argentina
ARG,Argentina,1991,46.8,Argentina
ARG,Argentina,1992,45.5,Argentina
ARG,Argentina,1993,44.9,Argentina
ARG,Argentina,1994,45.9,Argentina
ARG,Argentina,1995,48.9,Argentina
ARG,Argentina,1996,49.5,Argentina
ARG,Argentina,1997,49.1,Argentina
ARG,Argentina,1998,50.7,Argentina
ARG,Argentina,1999,49.8,Argentina
ARG,Argentina,2000,51.1,Argentina
ARG,Argentina,2001,53.3,Argentina
ARG,Argentina,2002,53.8,Argentina
ARG,Argentina,2003,50.9,Argentina
ARG,Argentina,2004,48.4,Argentina
ARG,Argentina,2005,47.7,Argentina
ARG,Argentina,2006,46.3,Argentina
ARG,Argentina,2007,46.2,Argentina
ARG,Argentina,2008,44.9,Argentina
ARG,Argentina,2009,43.7,Argentina
ARG,Argentina,2010,43.6,Argentina
ARG,Argentina,2011,42.6,Argentina
ARG,Argentina,2012,41.3,Argentina
ARG,Argentina,2013,40.9,Argentina
ARG,Argentina,2014,41.6,Argentina
ARG,Argentina,2016,42.0,Argentina
ARG,Argentina,2017,41.1,Argentina
ARG,Argentina,2018,41.3,Argentina
ARG,Argentina,2019,42.9,Argentina
ARG,Argentina,2020,42.3,Argentina
ARM,Armenia,1999,36.2,Armenia
ARM,Armenia,2001,35.4,Armenia
ARM,Armenia,2002,34.8,Armenia
ARM,Armenia,2003,33.0,Armenia
ARM,Armenia,2004,37.5,Armenia
ARM,Armenia,2005,36.0,Armenia
ARM,Armenia,2006,29.7,Armenia
ARM,Armenia,2007,31.2,Armenia
ARM,Armenia,2008,29.2,Armenia
ARM,Armenia,2009,28.0,Armenia
ARM,Armenia,2010,30.0,Armenia
ARM,Armenia,2011,29.4,Armenia
ARM,Armenia,2012,29.6,Armenia
ARM,Armenia,2013,30.6,Armenia
ARM,Armenia,2014,31.5,Armenia
ARM,Armenia,2015,32.4,Armenia
ARM,Armenia,2016,32.5,Armenia
ARM,Armenia,2017,33.6,Armenia
ARM,Armenia,2018,34.4,Armenia
ARM,Armenia,2019,29.9,Armenia
ARM,Armenia,2020,25.2,Armenia
AUS,Australia,1981,31.3,Australia
AUS,Australia,1985,32.5,Australia
AUS,Australia,1989,33.2,Australia
AUS,Australia,1995,32.6,Australia
AUS,Australia,2001,33.5,Australia
AUS,Australia,2003,33.5,Australia
AUS,Australia,2004,33.1,Australia
AUS,Australia,2008,35.4,Australia
AUS,Australia,2010,34.7,Australia
AUS,Australia,2014,34.4,Australia
AUS,Australia,2016,33.7,Australia
AUS,Australia,2018,34.3,Australia
AUT,Austria,1987,23.0,Austria
AUT,Austria,1994,31.3,Austria
AUT,Austria,1995,31.1,Austria
AUT,Austria,1997,30.2,Austria
AUT,Austria,2000,28.8,Austria
AUT,Austria,2003,29.5,Austria
AUT,Austria,2004,29.8,Austria
AUT,Austria,2005,28.7,Austria
AUT,Austria,2006,29.6,Austria
AUT,Austria,2007,30.6,Austria
AUT,Austria,2008,30.4,Austria
AUT,Austria,2009,31.5,Austria
AUT,Austria,2010,30.3,Austria
AUT,Austria,2011,30.8,Austria
AUT,Austria,2012,30.5,Austria
AUT,Austria,2013,30.8,Austria
AUT,Austria,2014,30.5,Austria
AUT,Austria,2015,30.5,Austria
AUT,Austria,2016,30.8,Austria
AUT,Austria,2017,29.7,Austria
AUT,Austria,2018,30.8,Austria
AUT,Austria,2019,30.2,Austria
AZE,Azerbaijan,1995,34.7,Azerbaijan
AZE,Azerbaijan,2001,36.5,Azerbaijan
AZE,Azerbaijan,2002,25.3,Azerbaijan
AZE,Azerbaijan,2003,26.8,Azerbaijan
AZE,Azerbaijan,2004,26.6,Azerbaijan
AZE,Azerbaijan,2005,26.6,Azerbaijan
BDI,Burundi,1992,33.3,Burundi
BDI,Burundi,1998,42.3,Burundi
BDI,Burundi,2006,33.4,Burundi
BDI,Burundi,2013,38.6,Burundi
BEL,Belgium,1985,25.2,Belgium
BEL,Belgium,1988,25.7,Belgium
BEL,Belgium,1992,25.0,Belgium
BEL,Belgium,1995,28.4,Belgium
BEL,Belgium,1997,26.8,Belgium
BEL,Belgium,2000,33.1,Belgium
BEL,Belgium,2003,28.1,Belgium
BEL,Belgium,2004,30.5,Belgium
BEL,Belgium,2005,29.3,Belgium
BEL,Belgium,2006,28.1,Belgium
BEL,Belgium,2007,29.2,Belgium
BEL,Belgium,2008,28.4,Belgium
BEL,Belgium,2009,28.6,Belgium
BEL,Belgium,2010,28.4,Belgium
BEL,Belgium,2011,28.1,Belgium
BEL,Belgium,2012,27.5,Belgium
BEL,Belgium,2013,27.7,Belgium
BEL,Belgium,2014,28.1,Belgium
BEL,Belgium,2015,27.7,Belgium
BEL,Belgium,2016,27.6,Belgium
BEL,Belgium,2017,27.4,Belgium
BEL,Belgium,2018,27.2,Belgium
BEL,Belgium,2019,27.2,Belgium
BEN,Benin,2003,38.6,Benin
BEN,Benin,2011,43.4,Benin
BEN,Benin,2015,47.8,Benin
BEN,Benin,2018,37.8,Benin
BFA,Burkina Faso,1994,48.1,Burkina Faso
BFA,Burkina Faso,1998,49.9,Burkina Faso
BFA,Burkina Faso,2003,43.3,Burkina Faso
BFA,Burkina Faso,2009,39.8,Burkina Faso
BFA,Burkina Faso,2014,35.3,Burkina Faso
BFA,Burkina Faso,2018,47.3,Burkina Faso
BGD,Bangladesh,1983,25.9,Bangladesh
BGD,Bangladesh,1985,26.9,Bangladesh
BGD,Bangladesh,1988,28.8,Bangladesh
BGD,Bangladesh,1991,27.6,Bangladesh
BGD,Bangladesh,1995,32.9,Bangladesh
BGD,Bangladesh,2000,33.4,Bangladesh
BGD,Bangladesh,2005,33.2,Bangladesh
BGD,Bangladesh,2010,32.1,Bangladesh
BGD,Bangladesh,2016,32.4,Bangladesh
BGR,Bulgaria,1992,30.7,Bulgaria
BGR,Bulgaria,2006,35.7,Bulgaria
BGR,Bulgaria,2007,36.1,Bulgaria
BGR,Bulgaria,2008,33.6,Bulgaria
BGR,Bulgaria,2009,33.8,Bulgaria
BGR,Bulgaria,2010,35.7,Bulgaria
BGR,Bulgaria,2011,34.3,Bulgaria
BGR,Bulgaria,2012,36.0,Bulgaria
BGR,Bulgaria,2013,36.6,Bulgaria
BGR,Bulgaria,2014,37.4,Bulgaria
BGR,Bulgaria,2015,38.6,Bulgaria
BGR,Bulgaria,2016,40.6,Bulgaria
BGR,Bulgaria,2017,40.4,Bulgaria
BGR,Bulgaria,2018,41.3,Bulgaria
BGR,Bulgaria,2019,40.3,Bulgaria
BIH,Bosnia and Herzegovina,2001,30.0,Bosnia and Herzegovina
BIH,Bosnia and Herzegovina,2004,34.0,Bosnia and Herzegovina
BIH,Bosnia and Herzegovina,2007,33.1,Bosnia and Herzegovina
BIH,Bosnia and Herzegovina,2011,33.0,Bosnia and Herzegovina
BLR,Belarus,1998,32.0,Belarus
BLR,Belarus,1999,31.7,Belarus
BLR,Belarus,2000,31.2,Belarus
BLR,Belarus,2001,30.6,Belarus
BLR,Belarus,2002,30.3,Belarus
BLR,Belarus,2003,28.8,Belarus
BLR,Belarus,2004,26.5,Belarus
BLR,Belarus,2005,27.6,Belarus
BLR,Belarus,2006,28.3,Belarus
BLR,Belarus,2007,29.6,Belarus
BLR,Belarus,2008,27.8,Belarus
BLR,Belarus,2009,27.7,Belarus
BLR,Belarus,2010,28.6,Belarus
BLR,Belarus,2011,27.2,Belarus
BLR,Belarus,2012,26.5,Belarus
BLR,Belarus,2013,26.6,Belarus
BLR,Belarus,2014,27.2,Belarus
BLR,Belarus,2015,25.6,Belarus
BLR,Belarus,2016,25.3,Belarus
BLR,Belarus,2017,25.4,Belarus
BLR,Belarus,2018,25.2,Belarus
BLR,Belarus,2019,25.3,Belarus
BLR,Belarus,2020,24.4,Belarus
BLZ,Belize,1993,60.3,Belize
BLZ,Belize,1994,60.9,Belize
BLZ,Belize,1996,56.6,Belize
BLZ,Belize,1997,60.4,Belize
BLZ,Belize,1998,54.9,Belize
BLZ,Belize,1999,53.3,Belize
BOL,Bolivia,1992,49.1,Bolivia
BOL,Bolivia,1997,58.2,Bolivia
BOL,Bolivia,1999,58.1,Bolivia
BOL,Bolivia,2000,61.6,Bolivia
BOL,Bolivia,2001,57.4,Bolivia
BOL,Bolivia,2002,59.3,Bolivia
BOL,Bolivia,2004,55.0,Bolivia
BOL,Bolivia,2005,58.5,Bolivia
BOL,Bolivia,2006,56.7,Bolivia
BOL,Bolivia,2007,54.5,Bolivia
BOL,Bolivia,2008,50.8,Bolivia
BOL,Bolivia,2009,49.2,Bolivia
BOL,Bolivia,2011,46.1,Bolivia
BOL,Bolivia,2012,46.6,Bolivia
BOL,Bolivia,2013,47.6,Bolivia
BOL,Bolivia,2014,47.8,Bolivia
BOL,Bolivia,2015,46.7,Bolivia
BOL,Bolivia,2016,45.3,Bolivia
BOL,Bolivia,2017,44.6,Bolivia
BOL,Bolivia,2018,42.6,Bolivia
BOL,Bolivia,2019,41.6,Bolivia
BOL,Bolivia,2020,43.6,Bolivia
BRA,Brazil,1981,57.9,Brazil
BRA,Brazil,1982,58.4,Brazil
BRA,Brazil,1983,59.0,Brazil
BRA,Brazil,1984,58.4,Brazil
BRA,Brazil,1985,55.6,Brazil
BRA,Brazil,1986,58.5,Brazil
BRA,Brazil,1987,59.7,Brazil
BRA,Brazil,1988,61.4,Brazil
BRA,Brazil,1989,63.3,Brazil
BRA,Brazil,1990,60.5,Brazil
BRA,Brazil,1992,53.2,Brazil
BRA,Brazil,1993,60.1,Brazil
BRA,Brazil,1995,59.6,Brazil
BRA,Brazil,1996,59.9,Brazil
BRA,Brazil,1997,59.8,Brazil
BRA,Brazil,1998,59.6,Brazil
BRA,Brazil,1999,59.0,Brazil
BRA,Brazil,2001,58.4,Brazil
BRA,Brazil,2002,58.1,Brazil
BRA,Brazil,2003,57.6,Brazil
BRA,Brazil,2004,56.5,Brazil
BRA,Brazil,2005,56.3,Brazil
BRA,Brazil,2006,55.6,Brazil
BRA,Brazil,2007,54.9,Brazil
BRA,Brazil,2008,54.0,Brazil
BRA,Brazil,2009,53.7,Brazil
BRA,Brazil,2011,52.9,Brazil
BRA,Brazil,2012,53.4,Brazil
BRA,Brazil,2013,52.7,Brazil
BRA,Brazil,2014,52.0,Brazil
BRA,Brazil,2015,51.9,Brazil
BRA,Brazil,2016,53.3,Brazil
BRA,Brazil,2017,53.3,Brazil
BRA,Brazil,2018,53.9,Brazil
BRA,Brazil,2019,53.5,Brazil
BRA,Brazil,2020,48.9,Brazil
BTN,Bhutan,2003,40.9,Bhutan
BTN,Bhutan,2007,38.1,Bhutan
BTN,Bhutan,2012,38.8,Bhutan
BTN,Bhutan,2017,37.4,Bhutan
BWA,Botswana,1985,54.2,Botswana
BWA,Botswana,1993,60.8,Botswana
BWA,Botswana,2002,64.7,Botswana
BWA,Botswana,2009,60.5,Botswana
BWA,Botswana,2015,53.3,Botswana
CAF,Central African Republic,1992,61.3,Central African Republic
CAF,Central African Republic,2003,43.6,Central African Republic
CAF,Central African Republic,2008,56.2,Central African Republic
CAN,Canada,1971,37.3,Canada
CAN,Canada,1975,33.3,Canada
CAN,Canada,1981,32.4,Canada
CAN,Canada,1987,31.5,Canada
CAN,Canada,1991,31.0,Canada
CAN,Canada,1994,31.3,Canada
CAN,Canada,1997,31.6,Canada
CAN,Canada,1998,33.2,Canada
CAN,Canada,2000,33.3,Canada
CAN,Canada,2004,33.7,Canada
CAN,Canada,2007,33.8,Canada
CAN,Canada,2010,33.6,Canada
CAN,Canada,2012,33.5,Canada
CAN,Canada,2013,33.8,Canada
CAN,Canada,2014,33.2,Canada
CAN,Canada,2015,33.7,Canada
CAN,Canada,2016,32.7,Canada
CAN,Canada,2017,33.3,Canada
CHE,Switzerland,1982,36.0,Switzerland
CHE,Switzerland,1992,33.9,Switzerland
CHE,Switzerland,2000,33.4,Switzerland
CHE,Switzerland,2002,31.7,Switzerland
CHE,Switzerland,2006,33.9,Switzerland
CHE,Switzerland,2007,34.3,Switzerland
CHE,Switzerland,2008,33.8,Switzerland
CHE,Switzerland,2009,32.9,Switzerland
CHE,Switzerland,2010,32.6,Switzerland
CHE,Switzerland,2011,31.7,Switzerland
CHE,Switzerland,2012,31.6,Switzerland
CHE,Switzerland,2013,32.5,Switzerland
CHE,Switzerland,2014,32.5,Switzerland
CHE,Switzerland,2015,32.3,Switzerland
CHE,Switzerland,2016,33.0,Switzerland
CHE,Switzerland,2017,32.7,Switzerland
CHE,Switzerland,2018,33.1,Switzerland
CHL,Chile,1987,56.2,Chile
CHL,Chile,1990,57.2,Chile
CHL,Chile,1992,54.8,Chile
CHL,Chile,1994,56.4,Chile
CHL,Chile,1996,54.9,Chile
CHL,Chile,1998,55.5,Chile
CHL,Chile,2000,52.8,Chile
CHL,Chile,2003,51.5,Chile
CHL,Chile,2006,47.3,Chile
CHL,Chile,2009,47.0,Chile
CHL,Chile,2011,46.0,Chile
CHL,Chile,2013,45.8,Chile
CHL,Chile,2015,44.4,Chile
CHL,Chile,2017,44.4,Chile
CHL,Chile,2020,44.9,Chile
CHN,China,1990,32.2,China
CHN,China,1993,33.9,China
CHN,China,1996,35.2,China
CHN,China,1999,38.7,China
CHN,China,2002,42.0,China
CHN,China,2005,40.9,China
CHN,China,2008,43.0,China
CHN,China,2010,43.7,China
CHN,China,2011,42.4,China
CHN,China,2012,42.2,China
CHN,China,2013,39.7,China
CHN,China,2014,39.2,China
CHN,China,2015,38.6,China
CHN,China,2016,38.5,China
CHN,China,2017,39.1,China
CHN,China,2018,38.5,China
CHN,China,2019,38.2,China
CIV,Cote d'Ivoire,1985,45.5,Côte d'Ivoire
CIV,Cote d'Ivoire,1986,38.0,Côte d'Ivoire
CIV,Cote d'Ivoire,1987,40.5,Côte d'Ivoire
CIV,Cote d'Ivoire,1988,36.9,Côte d'Ivoire
CIV,Cote d'Ivoire,1992,39.4,Côte d'Ivoire
CIV,Cote d'Ivoire,1995,40.6,Côte d'Ivoire
CIV,Cote d'Ivoire,1998,39.0,Côte d'Ivoire
CIV,Cote d'Ivoire,2002,41.3,Côte d'Ivoire
CIV,Cote d'Ivoire,2008,43.2,Côte d'Ivoire
CIV,Cote d'Ivoire,2015,41.5,Côte d'Ivoire
CIV,Cote d'Ivoire,2018,37.2,Côte d'Ivoire
CMR,Cameroon,1996,44.4,Cameroon
CMR,Cameroon,2001,42.1,Cameroon
CMR,Cameroon,2007,42.8,Cameroon
CMR,Cameroon,2014,46.6,Cameroon
COD,"Congo, Dem. Rep.",2004,42.2,Democratic Republic of the Congo
COD,"Congo, Dem. Rep.",2012,42.1,Democratic Republic of the Congo
COG,"Congo, Rep.",2005,47.3,Republic of the Congo
COG,"Congo, Rep.",2011,48.9,Republic of the Congo
COL,Colombia,1992,51.5,Colombia
COL,Colombia,1996,56.9,Colombia
COL,Colombia,1999,58.7,Colombia
COL,Colombia,2000,58.7,Colombia
COL,Colombia,2001,57.5,Colombia
COL,Colombia,2002,56.0,Colombia
COL,Colombia,2003,53.6,Colombia
COL,Colombia,2004,55.0,Colombia
COL,Colombia,2005,53.9,Colombia
COL,Colombia,2008,55.3,Colombia
COL,Colombia,2009,54.3,Colombia
COL,Colombia,2010,54.6,Colombia
COL,Colombia,2011,53.5,Colombia
COL,Colombia,2012,52.6,Colombia
COL,Colombia,2013,52.6,Colombia
COL,Colombia,2014,52.6,Colombia
COL,Colombia,2015,51.0,Colombia
COL,Colombia,2016,50.6,Colombia
COL,Colombia,2017,49.7,Colombia
COL,Colombia,2018,50.4,Colombia
COL,Colombia,2019,51.3,Colombia
COL,Colombia,2020,54.2,Colombia
COM,Comoros,2004,55.9,Comoros
COM,Comoros,2014,45.3,Comoros
CPV,Cabo Verde,2001,52.5,Cape Verde
CPV,Cabo Verde,2007,47.2,Cape Verde
CPV,Cabo Verde,2015,42.4,Cape Verde
CRI,Costa Rica,1981,47.5,Costa Rica
CRI,Costa Rica,1986,34.4,Costa Rica
CRI,Costa Rica,1989,45.6,Costa Rica
CRI,Costa Rica,1990,45.3,Costa Rica
CRI,Costa Rica,1991,46.6,Costa Rica
CRI,Costa Rica,1992,45.7,Costa Rica
CRI,Costa Rica,1993,46.0,Costa Rica
CRI,Costa Rica,1994,46.8,Costa Rica
CRI,Costa Rica,1995,45.7,Costa Rica
CRI,Costa Rica,1996,46.5,Costa Rica
CRI,Costa Rica,1997,45.6,Costa Rica
CRI,Costa Rica,1998,45.7,Costa Rica
CRI,Costa Rica,1999,47.7,Costa Rica
CRI,Costa Rica,2000,47.4,Costa Rica
CRI,Costa Rica,2001,51.5,Costa Rica
CRI,Costa Rica,2002,51.8,Costa Rica
CRI,Costa Rica,2003,49.3,Costa Rica
CRI,Costa Rica,2004,48.4,Costa Rica
CRI,Costa Rica,2005,47.5,Costa Rica
CRI,Costa Rica,2006,49.3,Costa Rica
CRI,Costa Rica,2007,49.3,Costa Rica
CRI,Costa Rica,2008,48.6,Costa Rica
CRI,Costa Rica,2009,50.6,Costa Rica
CRI,Costa Rica,2010,48.0,Costa Rica
CRI,Costa Rica,2011,48.8,Costa Rica
CRI,Costa Rica,2012,48.4,Costa Rica
CRI,Costa Rica,2013,49.2,Costa Rica
CRI,Costa Rica,2014,48.6,Costa Rica
CRI,Costa Rica,2015,48.4,Costa Rica
CRI,Costa Rica,2016,48.7,Costa Rica
CRI,Costa Rica,2017,48.3,Costa Rica
CRI,Costa Rica,2018,48.0,Costa Rica
CRI,Costa Rica,2019,48.2,Costa Rica
CRI,Costa Rica,2020,49.3,Costa Rica
CYP,Cyprus,2004,30.1,Cyprus
CYP,Cyprus,2005,30.3,Cyprus
CYP,Cyprus,2006,31.1,Cyprus
CYP,Cyprus,2007,31.1,Cyprus
CYP,Cyprus,2008,31.7,Cyprus
CYP,Cyprus,2009,32.1,Cyprus
CYP,Cyprus,2010,31.5,Cyprus
CYP,Cyprus,2011,32.6,Cyprus
CYP,Cyprus,2012,34.3,Cyprus
CYP,Cyprus,2013,37.0,Cyprus
CYP,Cyprus,2014,35.6,Cyprus
CYP,Cyprus,2015,34.0,Cyprus
CYP,Cyprus,2016,32.9,Cyprus
CYP,Cyprus,2017,31.4,Cyprus
CYP,Cyprus,2018,32.7,Cyprus
CYP,Cyprus,2019,31.2,Cyprus
CZE,Czechia,1992,20.7,Czech Republic
CZE,Czechia,1993,26.6,Czech Republic
CZE,Czechia,1996,25.8,Czech Republic
CZE,Czechia,2002,26.6,Czech Republic
CZE,Czechia,2004,27.5,Czech Republic
CZE,Czechia,2005,26.9,Czech Republic
CZE,Czechia,2006,26.7,Czech Republic
CZE,Czechia,2007,26.0,Czech Republic
CZE,Czechia,2008,26.3,Czech Republic
CZE,Czechia,2009,26.2,Czech Republic
CZE,Czechia,2010,26.6,Czech Republic
CZE,Czechia,2011,26.4,Czech Republic
CZE,Czechia,2012,26.1,Czech Republic
CZE,Czechia,2013,26.5,Czech Republic
CZE,Czechia,2014,25.9,Czech Republic
CZE,Czechia,2015,25.9,Czech Republic
CZE,Czechia,2016,25.4,Czech Republic
CZE,Czechia,2017,24.9,Czech Republic
CZE,Czechia,2018,25.0,Czech Republic
CZE,Czechia,2019,25.3,Czech Republic
DEU,Germany,1991,29.4,Germany
DEU,Germany,1992,29.2,Germany
DEU,Germany,1993,28.7,Germany
DEU,Germany,1994,29.2,Germany
DEU,Germany,1995,29.0,Germany
DEU,Germany,1996,28.4,Germany
DEU,Germany,1997,28.3,Germany
DEU,Germany,1998,28.3,Germany
DEU,Germany,1999,29.1,Germany
DEU,Germany,2000,28.9,Germany
DEU,Germany,2001,30.1,Germany
DEU,Germany,2002,29.9,Germany
DEU,Germany,2003,30.1,Germany
DEU,Germany,2004,30.3,Germany
DEU,Germany,2005,31.8,Germany
DEU,Germany,2006,31.2,Germany
DEU,Germany,2007,31.4,Germany
DEU,Germany,2008,30.9,Germany
DEU,Germany,2009,30.5,Germany
DEU,Germany,2010,30.3,Germany
DEU,Germany,2011,30.8,Germany
DEU,Germany,2012,31.1,Germany
DEU,Germany,2013,31.5,Germany
DEU,Germany,2014,30.9,Germany
DEU,Germany,2015,31.6,Germany
DEU,Germany,2016,31.6,Germany
DEU,Germany,2017,31.2,Germany
DEU,Germany,2018,31.7,Germany
DJI,Djibouti,2002,40.0,Djibouti
DJI,Djibouti,2012,45.1,Djibouti
DJI,Djibouti,2013,44.1,Djibouti
DJI,Djibouti,2017,41.6,Djibouti
DNK,Denmark,1987,26.2,Denmark
DNK,Denmark,1992,24.7,Denmark
DNK,Denmark,1995,23.0,Denmark
DNK,Denmark,2000,23.8,Denmark
DNK,Denmark,2003,25.6,Denmark
DNK,Denmark,2004,24.9,Denmark
DNK,Denmark,2005,25.2,Denmark
DNK,Denmark,2006,25.9,Denmark
DNK,Denmark,2007,26.2,Denmark
DNK,Denmark,2008,25.2,Denmark
DNK,Denmark,2009,26.7,Denmark
DNK,Denmark,2010,27.2,Denmark
DNK,Denmark,2011,27.3,Denmark
DNK,Denmark,2012,27.8,Denmark
DNK,Denmark,2013,28.5,Denmark
DNK,Denmark,2014,28.4,Denmark
DNK,Denmark,2015,28.2,Denmark
DNK,Denmark,2016,28.2,Denmark
DNK,Denmark,2017,28.7,Denmark
DNK,Denmark,2018,28.2,Denmark
DNK,Denmark,2019,27.7,Denmark
DOM,Dominican Republic,1986,47.8,Dominican Republic
DOM,Dominican Republic,1989,50.5,Dominican Republic
DOM,Dominican Republic,1992,51.4,Dominican Republic
DOM,Dominican Republic,1996,47.4,Dominican Republic
DOM,Dominican Republic,1997,48.9,Dominican Republic
DOM,Dominican Republic,2000,51.5,Dominican Republic
DOM,Dominican Republic,2001,50.0,Dominican Republic
DOM,Dominican Republic,2002,49.7,Dominican Republic
DOM,Dominican Republic,2003,52.1,Dominican Republic
DOM,Dominican Republic,2004,52.1,Dominican Republic
DOM,Dominican Republic,2005,50.0,Dominican Republic
DOM,Dominican Republic,2006,52.0,Dominican Republic
DOM,Dominican Republic,2007,48.9,Dominican Republic
DOM,Dominican Republic,2008,48.1,Dominican Republic
DOM,Dominican Republic,2009,48.9,Dominican Republic
DOM,Dominican Republic,2010,47.3,Dominican Republic
DOM,Dominican Republic,2011,47.7,Dominican Republic
DOM,Dominican Republic,2012,46.1,Dominican Republic
DOM,Dominican Republic,2013,47.7,Dominican Republic
DOM,Dominican Republic,2014,44.3,Dominican Republic
DOM,Dominican Republic,2015,45.2,Dominican Republic
DOM,Dominican Republic,2016,45.7,Dominican Republic
DOM,Dominican Republic,2017,42.2,Dominican Republic
DOM,Dominican Republic,2018,43.7,Dominican Republic
DOM,Dominican Republic,2019,41.9,Dominican Republic
DOM,Dominican Republic,2020,39.6,Dominican Republic
DZA,Algeria,1988,40.2,Algeria
DZA,Algeria,1995,35.3,Algeria
DZA,Algeria,2011,27.6,Algeria
ECU,Ecuador,1994,53.4,Ecuador
ECU,Ecuador,1999,58.6,Ecuador
ECU,Ecuador,2000,56.4,Ecuador
ECU,Ecuador,2003,53.5,Ecuador
ECU,Ecuador,2004,53.9,Ecuador
ECU,Ecuador,2005,53.1,Ecuador
ECU,Ecuador,2006,52.3,Ecuador
ECU,Ecuador,2007,53.4,Ecuador
ECU,Ecuador,2008,49.8,Ecuador
ECU,Ecuador,2009,48.5,Ecuador
ECU,Ecuador,2010,48.8,Ecuador
ECU,Ecuador,2011,45.9,Ecuador
ECU,Ecuador,2012,46.1,Ecuador
ECU,Ecuador,2013,46.9,Ecuador
ECU,Ecuador,2014,45.0,Ecuador
ECU,Ecuador,2015,46.0,Ecuador
ECU,Ecuador,2016,45.0,Ecuador
ECU,Ecuador,2017,44.7,Ecuador
ECU,Ecuador,2018,45.4,Ecuador
ECU,Ecuador,2019,45.7,Ecuador
ECU,Ecuador,2020,47.3,Ecuador
EGY,"Egypt, Arab Rep.",1990,32.0,Egypt
EGY,"Egypt, Arab Rep.",1995,30.1,Egypt
EGY,"Egypt, Arab Rep.",1999,32.8,Egypt
EGY,"Egypt, Arab Rep.",2004,31.8,Egypt
EGY,"Egypt, Arab Rep.",2008,31.1,Egypt
EGY,"Egypt, Arab Rep.",2010,30.2,Egypt
EGY,"Egypt, Arab Rep.",2012,28.3,Egypt
EGY,"Egypt, Arab Rep.",2015,31.8,Egypt
EGY,"Egypt, Arab Rep.",2017,31.5,Egypt
ESP,Spain,1980,34.5,Spain
ESP,Spain,1985,34.4,Spain
ESP,Spain,1990,32.0,Spain
ESP,Spain,1995,36.7,Spain
ESP,Spain,2000,34.3,Spain
ESP,Spain,2003,31.8,Spain
ESP,Spain,2004,33.3,Spain
ESP,Spain,2005,32.4,Spain
ESP,Spain,2006,33.5,Spain
ESP,Spain,2007,34.1,Spain
ESP,Spain,2008,34.2,Spain
ESP,Spain,2009,34.9,Spain
ESP,Spain,2010,35.2,Spain
ESP,Spain,2011,35.7,Spain
ESP,Spain,2012,35.4,Spain
ESP,Spain,2013,36.2,Spain
ESP,Spain,2014,36.1,Spain
ESP,Spain,2015,36.2,Spain
ESP,Spain,2016,35.8,Spain
ESP,Spain,2017,34.7,Spain
ESP,Spain,2018,34.7,Spain
ESP,Spain,2019,34.3,Spain
EST,Estonia,1993,39.5,Estonia
EST,Estonia,2003,37.2,Estonia
EST,Estonia,2004,33.6,Estonia
EST,Estonia,2005,33.4,Estonia
EST,Estonia,2006,33.7,Estonia
EST,Estonia,2007,31.2,Estonia
EST,Estonia,2008,31.9,Estonia
EST,Estonia,2009,31.4,Estonia
EST,Estonia,2010,32.0,Estonia
EST,Estonia,2011,32.5,Estonia
EST,Estonia,2012,32.9,Estonia
EST,Estonia,2013,35.1,Estonia
EST,Estonia,2014,34.6,Estonia
EST,Estonia,2015,32.7,Estonia
EST,Estonia,2016,31.2,Estonia
EST,Estonia,2017,30.4,Estonia
EST,Estonia,2018,30.3,Estonia
EST,Estonia,2019,30.8,Estonia
ETH,Ethiopia,1995,44.6,Ethiopia
ETH,Ethiopia,1999,30.0,Ethiopia
ETH,Ethiopia,2004,29.8,Ethiopia
ETH,Ethiopia,2010,33.2,Ethiopia
ETH,Ethiopia,2015,35.0,Ethiopia
FIN,Finland,1987,22.2,Finland
FIN,Finland,1991,22.9,Finland
FIN,Finland,1995,23.5,Finland
FIN,Finland,2000,27.2,Finland
FIN,Finland,2003,27.7,Finland
FIN,Finland,2004,27.9,Finland
FIN,Finland,2005,27.6,Finland
FIN,Finland,2006,28.0,Finland
FIN,Finland,2007,28.3,Finland
FIN,Finland,2008,27.8,Finland
FIN,Finland,2009,27.5,Finland
FIN,Finland,2010,27.7,Finland
FIN,Finland,2011,27.6,Finland
FIN,Finland,2012,27.1,Finland
FIN,Finland,2013,27.2,Finland
FIN,Finland,2014,26.8,Finland
FIN,Finland,2015,27.1,Finland
FIN,Finland,2016,27.1,Finland
FIN,Finland,2017,27.4,Finland
FIN,Finland,2018,27.3,Finland
FIN,Finland,2019,27.7,Finland
FJI,Fiji,2002,38.1,Fiji
FJI,Fiji,2008,40.4,Fiji
FJI,Fiji,2013,36.7,Fiji
FJI,Fiji,2019,30.7,Fiji
FRA,France,1978,35.2,France
FRA,France,1984,36.9,France
FRA,France,1989,32.2,France
FRA,France,1994,32.3,France
FRA,France,2000,31.1,France
FRA,France,2003,31.4,France
FRA,France,2004,30.6,France
FRA,France,2005,29.8,France
FRA,France,2006,29.7,France
FRA,France,2007,32.4,France
FRA,France,2008,33.0,France
FRA,France,2009,32.7,France
FRA,France,2010,33.7,France
FRA,France,2011,33.3,France
FRA,France,2012,33.1,France
FRA,France,2013,32.5,France
FRA,France,2014,32.3,France
FRA,France,2015,32.7,France
FRA,France,2016,31.9,France
FRA,France,2017,31.6,France
FRA,France,2018,32.4,France
FSM,"Micronesia, Fed. Sts.",2005,42.4,Micronesia
FSM,"Micronesia, Fed. Sts.",2013,40.1,Micronesia
GAB,Gabon,2005,42.2,Gabon
GAB,Gabon,2017,38.0,Gabon
GBR,United Kingdom,1969,33.7,United Kingdom
GBR,United Kingdom,1974,30.0,United Kingdom
GBR,United Kingdom,1979,28.4,United Kingdom
GBR,United Kingdom,1986,31.9,United Kingdom
GBR,United Kingdom,1991,35.9,United Kingdom
GBR,United Kingdom,1994,36.0,United Kingdom
GBR,United Kingdom,1995,35.5,United Kingdom
GBR,United Kingdom,1996,35.3,United Kingdom
GBR,United Kingdom,1997,35.7,United Kingdom
GBR,United Kingdom,1998,36.6,United Kingdom
GBR,United Kingdom,1999,36.8,United Kingdom
GBR,United Kingdom,2000,39.6,United Kingdom
GBR,United Kingdom,2001,37.9,United Kingdom
GBR,United Kingdom,2002,35.7,United Kingdom
GBR,United Kingdom,2003,35.5,United Kingdom
GBR,United Kingdom,2004,36.0,United Kingdom
GBR,United Kingdom,2005,34.3,United Kingdom
GBR,United Kingdom,2006,34.6,United Kingdom
GBR,United Kingdom,2007,35.7,United Kingdom
GBR,United Kingdom,2008,34.1,United Kingdom
GBR,United Kingdom,2009,34.3,United Kingdom
GBR,United Kingdom,2010,34.4,United Kingdom
GBR,United Kingdom,2011,33.2,United Kingdom
GBR,United Kingdom,2012,32.3,United Kingdom
GBR,United Kingdom,2013,33.2,United Kingdom
GBR,United Kingdom,2014,34.0,United Kingdom
GBR,United Kingdom,2015,33.2,United Kingdom
GBR,United Kingdom,2016,34.8,United Kingdom
GBR,United Kingdom,2017,35.1,United Kingdom
GEO,Georgia,1996,37.1,Georgia
GEO,Georgia,1997,40.7,Georgia
GEO,Georgia,1998,41.3,Georgia
GEO,Georgia,1999,40.1,Georgia
GEO,Georgia,2000,40.5,Georgia
GEO,Georgia,2001,39.6,Georgia
GEO,Georgia,2002,37.2,Georgia
GEO,Georgia,2003,36.7,Georgia
GEO,Georgia,2004,36.2,Georgia
GEO,Georgia,2005,37.4,Georgia
GEO,Georgia,2006,36.9,Georgia
GEO,Georgia,2007,38.1,Georgia
GEO,Georgia,2008,38.5,Georgia
GEO,Georgia,2009,38.2,Georgia
GEO,Georgia,2010,39.5,Georgia
GEO,Georgia,2011,39.6,Georgia
GEO,Georgia,2012,39.0,Georgia
GEO,Georgia,2013,38.6,Georgia
GEO,Georgia,2014,37.6,Georgia
GEO,Georgia,2015,36.5,Georgia
GEO,Georgia,2016,36.6,Georgia
GEO,Georgia,2017,37.9,Georgia
GEO,Georgia,2018,36.4,Georgia
GEO,Georgia,2019,35.9,Georgia
GEO,Georgia,2020,34.5,Georgia
GHA,Ghana,1987,35.3,Ghana
GHA,Ghana,1988,36.0,Ghana
GHA,Ghana,1991,38.4,Ghana
GHA,Ghana,1998,40.1,Ghana
GHA,Ghana,2005,42.8,Ghana
GHA,Ghana,2012,42.4,Ghana
GHA,Ghana,2016,43.5,Ghana
GIN,Guinea,1991,46.8,Guinea
GIN,Guinea,1994,46.1,Guinea
GIN,Guinea,2002,43.0,Guinea
GIN,Guinea,2007,39.4,Guinea
GIN,Guinea,2012,33.7,Guinea
GIN,Guinea,2018,29.6,Guinea
GMB,"Gambia, The",1998,48.5,Gambia
GMB,"Gambia, The",2003,47.3,Gambia
GMB,"Gambia, The",2010,43.6,Gambia
GMB,"Gambia, The",2015,35.9,Gambia
GNB,Guinea-Bissau,1993,43.6,Guinea-Bissau
GNB,Guinea-Bissau,2002,35.6,Guinea-Bissau
GNB,Guinea-Bissau,2010,50.7,Guinea-Bissau
GNB,Guinea-Bissau,2018,34.8,Guinea-Bissau
GRC,Greece,1995,37.0,Greece
GRC,Greece,2000,34.2,Greece
GRC,Greece,2003,32.8,Greece
GRC,Greece,2004,33.6,Greece
GRC,Greece,2005,34.6,Greece
GRC,Greece,2006,35.1,Greece
GRC,Greece,2007,34.0,Greece
GRC,Greece,2008,33.6,Greece
GRC,Greece,2009,33.6,Greece
GRC,Greece,2010,34.1,Greece
GRC,Greece,2011,34.8,Greece
GRC,Greece,2012,36.3,Greece
GRC,Greece,2013,36.1,Greece
GRC,Greece,2014,35.8,Greece
GRC,Greece,2015,36.0,Greece
GRC,Greece,2016,35.0,Greece
GRC,Greece,2017,34.4,Greece
GRC,Greece,2018,32.9,Greece
GRC,Greece,2019,33.1,Greece
GTM,Guatemala,1986,58.3,Guatemala
GTM,Guatemala,1989,59.6,Guatemala
GTM,Guatemala,2000,54.2,Guatemala
GTM,Guatemala,2006,54.6,Guatemala
GTM,Guatemala,2014,48.3,Guatemala
GUY,Guyana,1998,45.1,Guyana
HND,Honduras,1989,59.5,Honduras
HND,Honduras,1990,57.4,Honduras
HND,Honduras,1991,51.9,Honduras
HND,Honduras,1992,51.8,Honduras
HND,Honduras,1993,53.5,Honduras
HND,Honduras,1994,55.0,Honduras
HND,Honduras,1995,55.5,Honduras
HND,Honduras,1996,55.7,Honduras
HND,Honduras,1997,52.7,Honduras
HND,Honduras,1998,57.4,Honduras
HND,Honduras,1999,55.4,Honduras
HND,Honduras,2001,55.4,Honduras
HND,Honduras,2002,55.7,Honduras
HND,Honduras,2003,58.1,Honduras
HND,Honduras,2004,58.1,Honduras
HND,Honduras,2005,59.5,Honduras
HND,Honduras,2006,57.5,Honduras
HND,Honduras,2007,55.8,Honduras
HND,Honduras,2008,55.5,Honduras
HND,Honduras,2009,51.3,Honduras
HND,Honduras,2010,53.1,Honduras
HND,Honduras,2011,52.6,Honduras
HND,Honduras,2012,53.4,Honduras
HND,Honduras,2013,50.0,Honduras
HND,Honduras,2014,49.9,Honduras
HND,Honduras,2015,49.2,Honduras
HND,Honduras,2016,49.8,Honduras
HND,Honduras,2017,49.4,Honduras
HND,Honduras,2018,48.9,Honduras
HND,Honduras,2019,48.2,Honduras
HRV,Croatia,1988,22.8,Croatia
HRV,Croatia,2009,32.6,Croatia
HRV,Croatia,2010,32.4,Croatia
HRV,Croatia,2011,32.3,Croatia
HRV,Croatia,2012,32.5,Croatia
HRV,Croatia,2013,32.0,Croatia
HRV,Croatia,2014,32.1,Croatia
HRV,Croatia,2015,31.1,Croatia
HRV,Croatia,2016,30.9,Croatia
HRV,Croatia,2017,30.4,Croatia
HRV,Croatia,2018,29.7,Croatia
HRV,Croatia,2019,28.9,Croatia
HTI,Haiti,2012,41.1,Haiti
HUN,Hungary,1987,21.0,Hungary
HUN,Hungary,1989,25.0,Hungary
HUN,Hungary,1991,29.6,Hungary
HUN,Hungary,1993,27.9,Hungary
HUN,Hungary,1994,33.3,Hungary
HUN,Hungary,1999,30.2,Hungary
HUN,Hungary,2004,29.9,Hungary
HUN,Hungary,2005,34.7,Hungary
HUN,Hungary,2006,28.3,Hungary
HUN,Hungary,2007,27.9,Hungary
HUN,Hungary,2008,27.5,Hungary
HUN,Hungary,2009,27.0,Hungary
HUN,Hungary,2010,29.4,Hungary
HUN,Hungary,2011,29.2,Hungary
HUN,Hungary,2012,30.8,Hungary
HUN,Hungary,2013,31.5,Hungary
HUN,Hungary,2014,30.9,Hungary
HUN,Hungary,2015,30.4,Hungary
HUN,Hungary,2016,30.3,Hungary
HUN,Hungary,2017,30.6,Hungary
HUN,Hungary,2018,29.6,Hungary
HUN,Hungary,2019,30.0,Hungary
IDN,Indonesia,1984,33.5,Indonesia
IDN,Indonesia,1987,31.4,Indonesia
IDN,Indonesia,1990,32.3,Indonesia
IDN,Indonesia,1993,33.2,Indonesia
IDN,Indonesia,1996,35.6,Indonesia
IDN,Indonesia,1998,32.2,Indonesia
IDN,Indonesia,1999,32.1,Indonesia
IDN,Indonesia,2000,29.5,Indonesia
IDN,Indonesia,2001,30.0,Indonesia
IDN,Indonesia,2002,32.8,Indonesia
IDN,Indonesia,2003,33.0,Indonesia
IDN,Indonesia,2004,33.9,Indonesia
IDN,Indonesia,2005,34.1,Indonesia
IDN,Indonesia,2006,35.3,Indonesia
IDN,Indonesia,2007,36.7,Indonesia
IDN,Indonesia,2008,36.1,Indonesia
IDN,Indonesia,2009,36.0,Indonesia
IDN,Indonesia,2010,37.2,Indonesia
IDN,Indonesia,2011,40.5,Indonesia
IDN,Indonesia,2012,40.5,Indonesia
IDN,Indonesia,2013,40.8,Indonesia
IDN,Indonesia,2014,40.2,Indonesia
IDN,Indonesia,2015,40.4,Indonesia
IDN,Indonesia,2016,39.3,Indonesia
IDN,Indonesia,2017,38.8,Indonesia
IDN,Indonesia,2018,38.4,Indonesia
IDN,Indonesia,2019,37.6,Indonesia
IDN,Indonesia,2020,37.6,Indonesia
IDN,Indonesia,2021,37.9,Indonesia
IND,India,1977,33.3,India
IND,India,1983,32.1,India
IND,India,1987,32.6,India
IND,India,1993,31.7,India
IND,India,2004,34.4,India
IND,India,2009,35.4,India
IND,India,2011,35.7,India
IND,India,2015,34.7,India
IND,India,2016,34.8,India
IND,India,2017,35.9,India
IND,India,2018,34.6,India
IND,India,2019,35.7,India
IRL,Ireland,1987,35.5,Ireland
IRL,Ireland,1994,36.9,Ireland
IRL,Ireland,1995,37.0,Ireland
IRL,Ireland,1996,35.6,Ireland
IRL,Ireland,2000,33.0,Ireland
IRL,Ireland,2002,32.3,Ireland
IRL,Ireland,2003,32.9,Ireland
IRL,Ireland,2004,33.6,Ireland
IRL,Ireland,2005,33.8,Ireland
IRL,Ireland,2006,32.7,Ireland
IRL,Ireland,2007,31.9,Ireland
IRL,Ireland,2008,30.9,Ireland
IRL,Ireland,2009,32.7,Ireland
IRL,Ireland,2010,32.3,Ireland
IRL,Ireland,2011,32.9,Ireland
IRL,Ireland,2012,33.2,Ireland
IRL,Ireland,2013,33.5,Ireland
IRL,Ireland,2014,31.9,Ireland
IRL,Ireland,2015,31.8,Ireland
IRL,Ireland,2016,32.8,Ireland
IRL,Ireland,2017,31.4,Ireland
IRL,Ireland,2018,30.6,Ireland
IRN,"Iran, Islamic Rep.",1986,47.4,Iran
IRN,"Iran, Islamic Rep.",1990,43.6,Iran
IRN,"Iran, Islamic Rep.",1994,43.0,Iran
IRN,"Iran, Islamic Rep.",1998,44.1,Iran
IRN,"Iran, Islamic Rep.",2005,43.6,Iran
IRN,"Iran, Islamic Rep.",2006,44.8,Iran
IRN,"Iran, Islamic Rep.",2009,42.1,Iran
IRN,"Iran, Islamic Rep.",2013,37.4,Iran
IRN,"Iran, Islamic Rep.",2014,38.8,Iran
IRN,"Iran, Islamic Rep.",2015,39.5,Iran
IRN,"Iran, Islamic Rep.",2016,40.0,Iran
IRN,"Iran, Islamic Rep.",2017,40.8,Iran
IRN,"Iran, Islamic Rep.",2018,42.0,Iran
IRN,"Iran, Islamic Rep.",2019,40.9,Iran
IRQ,Iraq,2006,28.6,Iraq
IRQ,Iraq,2012,29.5,Iraq
ISL,Iceland,2003,26.8,Iceland
ISL,Iceland,2004,28.0,Iceland
ISL,Iceland,2005,29.0,Iceland
ISL,Iceland,2006,30.2,Iceland
ISL,Iceland,2007,29.5,Iceland
ISL,Iceland,2008,31.8,Iceland
ISL,Iceland,2009,28.7,Iceland
ISL,Iceland,2010,26.2,Iceland
ISL,Iceland,2011,26.8,Iceland
ISL,Iceland,2012,26.8,Iceland
ISL,Iceland,2013,25.4,Iceland
ISL,Iceland,2014,27.8,Iceland
ISL,Iceland,2015,26.8,Iceland
ISL,Iceland,2016,27.2,Iceland
ISL,Iceland,2017,26.1,Iceland
ISR,Israel,1979,36.3,Israel
ISR,Israel,1986,36.5,Israel
ISR,Israel,1992,35.5,Israel
ISR,Israel,1997,38.1,Israel
ISR,Israel,2001,38.9,Israel
ISR,Israel,2002,39.6,Israel
ISR,Israel,2003,40.7,Israel
ISR,Israel,2004,41.5,Israel
ISR,Israel,2005,42.3,Israel
ISR,Israel,2006,41.6,Israel
ISR,Israel,2007,41.1,Israel
ISR,Israel,2008,41.6,Israel
ISR,Israel,2009,42.6,Israel
ISR,Israel,2010,42.5,Israel
ISR,Israel,2011,41.4,Israel
ISR,Israel,2012,41.6,Israel
ISR,Israel,2013,40.2,Israel
ISR,Israel,2014,39.8,Israel
ISR,Israel,2015,39.7,Israel
ISR,Israel,2016,39.0,Israel
ISR,Israel,2017,38.2,Israel
ISR,Israel,2018,38.6,Israel
ITA,Italy,1986,32.5,Italy
ITA,Italy,1987,34.5,Italy
ITA,Italy,1989,32.6,Italy
ITA,Italy,1991,31.5,Italy
ITA,Italy,1993,35.5,Italy
ITA,Italy,1995,35.2,Italy
ITA,Italy,1998,36.7,Italy
ITA,Italy,2000,35.3,Italy
ITA,Italy,2003,34.9,Italy
ITA,Italy,2004,34.3,Italy
ITA,Italy,2005,33.8,Italy
ITA,Italy,2006,33.7,Italy
ITA,Italy,2007,32.9,Italy
ITA,Italy,2008,33.8,Italy
ITA,Italy,2009,33.8,Italy
ITA,Italy,2010,34.7,Italy
ITA,Italy,2011,35.1,Italy
ITA,Italy,2012,35.2,Italy
ITA,Italy,2013,34.9,Italy
ITA,Italy,2014,34.7,Italy
ITA,Italy,2015,35.4,Italy
ITA,Italy,2016,35.2,Italy
ITA,Italy,2017,35.9,Italy
ITA,Italy,2018,35.2,Italy
JAM,Jamaica,1988,43.2,Jamaica
JAM,Jamaica,1990,41.1,Jamaica
JAM,Jamaica,1993,35.7,Jamaica
JAM,Jamaica,1996,40.4,Jamaica
JAM,Jamaica,1999,44.1,Jamaica
JAM,Jamaica,2002,48.3,Jamaica
JAM,Jamaica,2004,45.5,Jamaica
JOR,Jordan,1986,36.1,Jordan
JOR,Jordan,1992,43.4,Jordan
JOR,Jordan,1997,36.4,Jordan
JOR,Jordan,2002,37.0,Jordan
JOR,Jordan,2006,33.9,Jordan
JOR,Jordan,2008,32.6,Jordan
JOR,Jordan,2010,33.7,Jordan
JPN,Japan,2008,34.8,Japan
JPN,Japan,2010,32.1,Japan
JPN,Japan,2013,32.9,Japan
KAZ,Kazakhstan,1996,35.4,Kazakhstan
KAZ,Kazakhstan,2001,36.0,Kazakhstan
KAZ,Kazakhstan,2002,34.8,Kazakhstan
KAZ,Kazakhstan,2003,33.7,Kazakhstan
KAZ,Kazakhstan,2004,31.8,Kazakhstan
KAZ,Kazakhstan,2005,39.8,Kazakhstan
KAZ,Kazakhstan,2006,30.2,Kazakhstan
KAZ,Kazakhstan,2007,30.1,Kazakhstan
KAZ,Kazakhstan,2008,28.5,Kazakhstan
KAZ,Kazakhstan,2009,28.2,Kazakhstan
KAZ,Kazakhstan,2010,28.0,Kazakhstan
KAZ,Kazakhstan,2011,28.0,Kazakhstan
KAZ,Kazakhstan,2012,28.2,Kazakhstan
KAZ,Kazakhstan,2013,27.1,Kazakhstan
KAZ,Kazakhstan,2014,27.0,Kazakhstan
KAZ,Kazakhstan,2015,26.8,Kazakhstan
KAZ,Kazakhstan,2016,27.2,Kazakhstan
KAZ,Kazakhstan,2017,27.5,Kazakhstan
KAZ,Kazakhstan,2018,27.8,Kazakhstan
KEN,Kenya,1992,57.5,Kenya
KEN,Kenya,1994,43.1,Kenya
KEN,Kenya,1997,45.0,Kenya
KEN,Kenya,2005,46.5,Kenya
KEN,Kenya,2015,40.8,Kenya
KGZ,Kyrgyz Republic,1998,46.4,Kyrgyzstan
KGZ,Kyrgyz Republic,2000,31.0,Kyrgyzstan
KGZ,Kyrgyz Republic,2001,30.2,Kyrgyzstan
KGZ,Kyrgyz Republic,2002,30.3,Kyrgyzstan
KGZ,Kyrgyz Republic,2003,28.7,Kyrgyzstan
KGZ,Kyrgyz Republic,2004,34.8,Kyrgyzstan
KGZ,Kyrgyz Republic,2005,32.6,Kyrgyzstan
KGZ,Kyrgyz Republic,2006,37.4,Kyrgyzstan
KGZ,Kyrgyz Republic,2007,33.9,Kyrgyzstan
KGZ,Kyrgyz Republic,2008,31.5,Kyrgyzstan
KGZ,Kyrgyz Republic,2009,29.9,Kyrgyzstan
KGZ,Kyrgyz Republic,2010,30.1,Kyrgyzstan
KGZ,Kyrgyz Republic,2011,27.8,Kyrgyzstan
KGZ,Kyrgyz Republic,2012,27.4,Kyrgyzstan
KGZ,Kyrgyz Republic,2013,28.8,Kyrgyzstan
KGZ,Kyrgyz Republic,2014,26.8,Kyrgyzstan
KGZ,Kyrgyz Republic,2015,29.0,Kyrgyzstan
KGZ,Kyrgyz Republic,2016,26.8,Kyrgyzstan
KGZ,Kyrgyz Republic,2017,27.3,Kyrgyzstan
KGZ,Kyrgyz Republic,2018,27.7,Kyrgyzstan
KGZ,Kyrgyz Republic,2019,29.7,Kyrgyzstan
KGZ,Kyrgyz Republic,2020,29.0,Kyrgyzstan
KIR,Kiribati,2006,37.0,Kiribati
KIR,Kiribati,2019,27.8,Kiribati
KOR,"Korea, Rep.",2006,31.7,South Korea
KOR,"Korea, Rep.",2008,32.3,South Korea
KOR,"Korea, Rep.",2010,32.0,South Korea
KOR,"Korea, Rep.",2012,31.6,South Korea
KOR,"Korea, Rep.",2014,31.2,South Korea
KOR,"Korea, Rep.",2016,31.4,South Korea
LAO,Lao PDR,1992,34.3,Laos
LAO,Lao PDR,1997,34.9,Laos
LAO,Lao PDR,2002,32.6,Laos
LAO,Lao PDR,2007,35.4,Laos
LAO,Lao PDR,2012,36.0,Laos
LAO,Lao PDR,2018,38.8,Laos
LBN,Lebanon,2011,31.8,Lebanon
LBR,Liberia,2007,36.5,Liberia
LBR,Liberia,2014,33.2,Liberia
LBR,Liberia,2016,35.3,Liberia
LCA,St. Lucia,1995,42.6,Saint Lucia
LCA,St. Lucia,2016,51.2,Saint Lucia
LKA,Sri Lanka,1985,32.5,Sri Lanka
LKA,Sri Lanka,1990,32.4,Sri Lanka
LKA,Sri Lanka,1995,35.4,Sri Lanka
LKA,Sri Lanka,2002,40.2,Sri Lanka
LKA,Sri Lanka,2006,39.7,Sri Lanka
LKA,Sri Lanka,2009,36.1,Sri Lanka
LKA,Sri Lanka,2012,38.7,Sri Lanka
LKA,Sri Lanka,2016,39.3,Sri Lanka
LSO,Lesotho,1986,56.0,Lesotho
LSO,Lesotho,1994,63.2,Lesotho
LSO,Lesotho,2002,51.6,Lesotho
LSO,Lesotho,2017,44.9,Lesotho
LTU,Lithuania,1993,33.6,Lithuania
LTU,Lithuania,2004,37.0,Lithuania
LTU,Lithuania,2005,35.3,Lithuania
LTU,Lithuania,2006,34.4,Lithuania
LTU,Lithuania,2007,34.8,Lithuania
LTU,Lithuania,2008,35.7,Lithuania
LTU,Lithuania,2009,37.2,Lithuania
LTU,Lithuania,2010,33.6,Lithuania
LTU,Lithuania,2011,32.5,Lithuania
LTU,Lithuania,2012,35.1,Lithuania
LTU,Lithuania,2013,35.3,Lithuania
LTU,Lithuania,2014,37.7,Lithuania
LTU,Lithuania,2015,37.4,Lithuania
LTU,Lithuania,2016,38.4,Lithuania
LTU,Lithuania,2017,37.3,Lithuania
LTU,Lithuania,2018,35.7,Lithuania
LTU,Lithuania,2019,35.3,Lithuania
LUX,Luxembourg,1985,26.7,Luxembourg
LUX,Luxembourg,1991,26.8,Luxembourg
LUX,Luxembourg,1994,26.9,Luxembourg
LUX,Luxembourg,1997,30.2,Luxembourg
LUX,Luxembourg,2000,30.4,Luxembourg
LUX,Luxembourg,2003,30.2,Luxembourg
LUX,Luxembourg,2004,30.2,Luxembourg
LUX,Luxembourg,2005,30.8,Luxembourg
LUX,Luxembourg,2006,30.9,Luxembourg
LUX,Luxembourg,2007,31.1,Luxembourg
LUX,Luxembourg,2008,32.6,Luxembourg
LUX,Luxembourg,2009,31.2,Luxembourg
LUX,Luxembourg,2010,30.5,Luxembourg
LUX,Luxembourg,2011,32.1,Luxembourg
LUX,Luxembourg,2012,34.3,Luxembourg
LUX,Luxembourg,2013,32.0,Luxembourg
LUX,Luxembourg,2014,31.2,Luxembourg
LUX,Luxembourg,2015,32.9,Luxembourg
LUX,Luxembourg,2016,31.7,Luxembourg
LUX,Luxembourg,2017,34.5,Luxembourg
LUX,Luxembourg,2018,35.4,Luxembourg
LUX,Luxembourg,2019,34.2,Luxembourg
LVA,Latvia,1993,27.0,Latvia
LVA,Latvia,1995,31.0,Latvia
LVA,Latvia,1996,31.6,Latvia
LVA,Latvia,2004,36.4,Latvia
LVA,Latvia,2005,39.0,Latvia
LVA,Latvia,2006,35.6,Latvia
LVA,Latvia,2007,37.5,Latvia
LVA,Latvia,2008,37.2,Latvia
LVA,Latvia,2009,36.0,Latvia
LVA,Latvia,2010,35.0,Latvia
LVA,Latvia,2011,35.8,Latvia
LVA,Latvia,2012,35.2,Latvia
LVA,Latvia,2013,35.5,Latvia
LVA,Latvia,2014,35.1,Latvia
LVA,Latvia,2015,34.2,Latvia
LVA,Latvia,2016,34.3,Latvia
LVA,Latvia,2017,35.6,Latvia
LVA,Latvia,2018,35.1,Latvia
LVA,Latvia,2019,34.5,Latvia
MAR,Morocco,1984,39.2,Morocco
MAR,Morocco,1990,39.2,Morocco
MAR,Morocco,1998,39.4,Morocco
MAR,Morocco,2000,40.6,Morocco
MAR,Morocco,2006,40.7,Morocco
MAR,Morocco,2013,39.5,Morocco
MDA,Moldova,1997,36.9,Moldova
MDA,Moldova,1998,39.5,Moldova
MDA,Moldova,1999,42.6,Moldova
MDA,Moldova,2000,36.4,Moldova
MDA,Moldova,2001,38.0,Moldova
MDA,Moldova,2002,35.8,Moldova
MDA,Moldova,2003,34.9,Moldova
MDA,Moldova,2004,35.0,Moldova
MDA,Moldova,2005,36.3,Moldova
MDA,Moldova,2006,35.4,Moldova
MDA,Moldova,2007,34.4,Moldova
MDA,Moldova,2008,34.7,Moldova
MDA,Moldova,2009,32.9,Moldova
MDA,Moldova,2010,32.1,Moldova
MDA,Moldova,2011,30.6,Moldova
MDA,Moldova,2012,29.2,Moldova
MDA,Moldova,2013,28.5,Moldova
MDA,Moldova,2014,26.8,Moldova
MDA,Moldova,2015,27.0,Moldova
MDA,Moldova,2016,26.3,Moldova
MDA,Moldova,2017,25.9,Moldova
MDA,Moldova,2018,25.7,Moldova
MDA,Moldova,2019,26.0,Moldova
MDG,Madagascar,1980,46.8,Madagascar
MDG,Madagascar,1993,45.3,Madagascar
MDG,Madagascar,1997,39.5,Madagascar
MDG,Madagascar,1999,38.6,Madagascar
MDG,Madagascar,2001,47.4,Madagascar
MDG,Madagascar,2005,39.9,Madagascar
MDG,Madagascar,2010,42.4,Madagascar
MDG,Madagascar,2012,42.6,Madagascar
MDV,Maldives,2002,41.3,Maldives
MDV,Maldives,2009,38.4,Maldives
MDV,Maldives,2016,31.3,Maldives
MDV,Maldives,2019,29.3,Maldives
MEX,Mexico,1984,48.5,Mexico
MEX,Mexico,1989,50.6,Mexico
MEX,Mexico,1992,52.6,Mexico
MEX,Mexico,1994,52.8,Mexico
MEX,Mexico,1996,53.6,Mexico
MEX,Mexico,1998,51.7,Mexico
MEX,Mexico,2000,52.6,Mexico
MEX,Mexico,2002,50.1,Mexico
MEX,Mexico,2004,50.0,Mexico
MEX,Mexico,2005,50.1,Mexico
MEX,Mexico,2006,48.9,Mexico
MEX,Mexico,2008,49.9,Mexico
MEX,Mexico,2010,47.2,Mexico
MEX,Mexico,2012,48.7,Mexico
MEX,Mexico,2014,48.7,Mexico
MEX,Mexico,2016,47.7,Mexico
MEX,Mexico,2018,46.7,Mexico
MEX,Mexico,2020,45.4,Mexico
MHL,Marshall Islands,2019,35.5,Marshall Islands
MKD,North Macedonia,2009,42.8,North Macedonia
MKD,North Macedonia,2010,40.2,North Macedonia
MKD,North Macedonia,2011,39.4,North Macedonia
MKD,North Macedonia,2012,38.1,North Macedonia
MKD,North Macedonia,2013,36.2,North Macedonia
MKD,North Macedonia,2014,35.2,North Macedonia
MKD,North Macedonia,2015,35.6,North Macedonia
MKD,North Macedonia,2016,34.5,North Macedonia
MKD,North Macedonia,2017,34.2,North Macedonia
MKD,North Macedonia,2018,33.0,North Macedonia
MLI,Mali,1994,50.4,Mali
MLI,Mali,2001,39.9,Mali
MLI,Mali,2006,38.9,Mali
MLI,Mali,2009,33.0,Mali
MLI,Mali,2018,36.1,Mali
MLT,Malta,2006,28.0,Malta
MLT,Malta,2007,29.2,Malta
MLT,Malta,2008,29.0,Malta
MLT,Malta,2009,30.2,Malta
MLT,Malta,2010,29.0,Malta
MLT,Malta,2011,29.1,Malta
MLT,Malta,2012,29.4,Malta
MLT,Malta,2013,28.8,Malta
MLT,Malta,2014,29.0,Malta
MLT,Malta,2015,29.4,Malta
MLT,Malta,2016,29.1,Malta
MLT,Malta,2017,29.2,Malta
MLT,Malta,2018,28.7,Malta
MLT,Malta,2019,31.0,Malta
MMR,Myanmar,2015,38.1,Myanmar (Burma)
MMR,Myanmar,2017,30.7,Myanmar (Burma)
MNE,Montenegro,2012,41.2,Montenegro
MNE,Montenegro,2013,39.0,Montenegro
MNE,Montenegro,2014,38.8,Montenegro
MNE,Montenegro,2015,39.0,Montenegro
MNE,Montenegro,2016,38.5,Montenegro
MNE,Montenegro,2017,36.9,Montenegro
MNE,Montenegro,2018,36.8,Montenegro
MNG,Mongolia,1995,33.2,Mongolia
MNG,Mongolia,1998,30.3,Mongolia
MNG,Mongolia,2002,32.9,Mongolia
MNG,Mongolia,2007,35.8,Mongolia
MNG,Mongolia,2010,33.1,Mongolia
MNG,Mongolia,2011,33.9,Mongolia
MNG,Mongolia,2012,33.8,Mongolia
MNG,Mongolia,2014,32.0,Mongolia
MNG,Mongolia,2016,32.3,Mongolia
MNG,Mongolia,2018,32.7,Mongolia
MOZ,Mozambique,1996,53.6,Mozambique
MOZ,Mozambique,2002,47.0,Mozambique
MOZ,Mozambique,2008,45.6,Mozambique
MOZ,Mozambique,2014,54.0,Mozambique
MRT,Mauritania,1987,43.9,Mauritania
MRT,Mauritania,1993,50.1,Mauritania
MRT,Mauritania,1995,37.7,Mauritania
MRT,Mauritania,2000,39.0,Mauritania
MRT,Mauritania,2004,40.2,Mauritania
MRT,Mauritania,2008,35.7,Mauritania
MRT,Mauritania,2014,32.6,Mauritania
MUS,Mauritius,2006,35.7,Mauritius
MUS,Mauritius,2012,38.5,Mauritius
MUS,Mauritius,2017,36.8,Mauritius
MWI,Malawi,1997,65.8,Malawi
MWI,Malawi,2004,39.9,Malawi
MWI,Malawi,2010,45.5,Malawi
MWI,Malawi,2016,44.7,Malawi
MWI,Malawi,2019,38.5,Malawi
MYS,Malaysia,1984,48.6,Malaysia
MYS,Malaysia,1987,47.0,Malaysia
MYS,Malaysia,1989,46.2,Malaysia
MYS,Malaysia,1992,47.7,Malaysia
MYS,Malaysia,1995,48.5,Malaysia
MYS,Malaysia,1997,49.1,Malaysia
MYS,Malaysia,2003,46.4,Malaysia
MYS,Malaysia,2004,46.1,Malaysia
MYS,Malaysia,2006,44.8,Malaysia
MYS,Malaysia,2007,46.1,Malaysia
MYS,Malaysia,2008,45.5,Malaysia
MYS,Malaysia,2011,43.9,Malaysia
MYS,Malaysia,2013,41.3,Malaysia
MYS,Malaysia,2015,41.1,Malaysia
NAM,Namibia,2003,63.3,Namibia
NAM,Namibia,2009,61.0,Namibia
NAM,Namibia,2015,59.1,Namibia
NER,Niger,1992,36.1,Niger
NER,Niger,1994,41.5,Niger
NER,Niger,2005,44.4,Niger
NER,Niger,2007,37.3,Niger
NER,Niger,2011,31.5,Niger
NER,Niger,2014,34.3,Niger
NER,Niger,2018,37.3,Niger
NGA,Nigeria,1985,38.7,Nigeria
NGA,Nigeria,1992,45.0,Nigeria
NGA,Nigeria,1996,51.9,Nigeria
NGA,Nigeria,2003,40.1,Nigeria
NGA,Nigeria,2009,43.0,Nigeria
NGA,Nigeria,2010,35.7,Nigeria
NGA,Nigeria,2012,35.5,Nigeria
NGA,Nigeria,2015,35.9,Nigeria
NGA,Nigeria,2018,35.1,Nigeria
NIC,Nicaragua,1993,57.4,Nicaragua
NIC,Nicaragua,1998,54.4,Nicaragua
NIC,Nicaragua,2001,52.9,Nicaragua
NIC,Nicaragua,2005,48.8,Nicaragua
NIC,Nicaragua,2009,43.9,Nicaragua
NIC,Nicaragua,2014,46.2,Nicaragua
NLD,Netherlands,1983,28.4,Netherlands
NLD,Netherlands,1987,26.8,Netherlands
NLD,Netherlands,1990,31.1,Netherlands
NLD,Netherlands,1993,30.4,Netherlands
NLD,Netherlands,1999,28.1,Netherlands
NLD,Netherlands,2004,29.8,Netherlands
NLD,Netherlands,2005,29.0,Netherlands
NLD,Netherlands,2006,30.0,Netherlands
NLD,Netherlands,2007,29.6,Netherlands
NLD,Netherlands,2008,29.3,Netherlands
NLD,Netherlands,2009,27.9,Netherlands
NLD,Netherlands,2010,27.8,Netherlands
NLD,Netherlands,2011,27.8,Netherlands
NLD,Netherlands,2012,27.6,Netherlands
NLD,Netherlands,2013,28.1,Netherlands
NLD,Netherlands,2014,28.6,Netherlands
NLD,Netherlands,2015,28.2,Netherlands
NLD,Netherlands,2016,28.2,Netherlands
NLD,Netherlands,2017,28.5,Netherlands
NLD,Netherlands,2018,28.1,Netherlands
NLD,Netherlands,2019,29.2,Netherlands
NOR,Norway,1979,26.9,Norway
NOR,Norway,1986,24.6,Norway
NOR,Norway,1991,25.2,Norway
NOR,Norway,1995,26.0,Norway
NOR,Norway,2000,27.4,Norway
NOR,Norway,2003,27.6,Norway
NOR,Norway,2004,31.6,Norway
NOR,Norway,2005,30.6,Norway
NOR,Norway,2006,26.4,Norway
NOR,Norway,2007,27.1,Norway
NOR,Norway,2008,27.0,Norway
NOR,Norway,2009,26.2,Norway
NOR,Norway,2010,25.7,Norway
NOR,Norway,2011,25.3,Norway
NOR,Norway,2012,25.7,Norway
NOR,Norway,2013,26.4,Norway
NOR,Norway,2014,26.8,Norway
NOR,Norway,2015,27.5,Norway
NOR,Norway,2016,28.5,Norway
NOR,Norway,2017,27.0,Norway
NOR,Norway,2018,27.6,Norway
NOR,Norway,2019,27.7,Norway
NPL,Nepal,1995,35.2,Nepal
NPL,Nepal,2003,43.8,Nepal
NPL,Nepal,2010,32.8,Nepal
NRU,Nauru,2012,34.8,Nauru
PAK,Pakistan,1987,33.3,Pakistan
PAK,Pakistan,1990,33.2,Pakistan
PAK,Pakistan,1996,28.7,Pakistan
PAK,Pakistan,1998,33.1,Pakistan
PAK,Pakistan,2001,28.7,Pakistan
PAK,Pakistan,2004,30.9,Pakistan
PAK,Pakistan,2005,31.3,Pakistan
PAK,Pakistan,2007,29.7,Pakistan
PAK,Pakistan,2010,28.8,Pakistan
PAK,Pakistan,2011,29.7,Pakistan
PAK,Pakistan,2013,29.5,Pakistan
PAK,Pakistan,2015,31.3,Pakistan
PAK,Pakistan,2018,29.6,Pakistan
PAN,Panama,1979,48.7,Panama
PAN,Panama,1989,58.9,Panama
PAN,Panama,1991,58.2,Panama
PAN,Panama,1995,57.8,Panama
PAN,Panama,1997,58.2,Panama
PAN,Panama,1998,57.5,Panama
PAN,Panama,1999,56.5,Panama
PAN,Panama,2000,56.6,Panama
PAN,Panama,2001,56.7,Panama
PAN,Panama,2002,56.1,Panama
PAN,Panama,2003,55.7,Panama
PAN,Panama,2004,54.8,Panama
PAN,Panama,2005,53.8,Panama
PAN,Panama,2006,54.6,Panama
PAN,Panama,2007,52.7,Panama
PAN,Panama,2008,52.7,Panama
PAN,Panama,2009,51.8,Panama
PAN,Panama,2010,51.6,Panama
PAN,Panama,2011,51.3,Panama
PAN,Panama,2012,51.7,Panama
PAN,Panama,2013,51.5,Panama
PAN,Panama,2014,50.5,Panama
PAN,Panama,2015,50.8,Panama
PAN,Panama,2016,50.4,Panama
PAN,Panama,2017,49.9,Panama
PAN,Panama,2018,49.2,Panama
PAN,Panama,2019,49.8,Panama
PER,Peru,1997,53.3,Peru
PER,Peru,1998,55.1,Peru
PER,Peru,1999,54.8,Peru
PER,Peru,2000,49.1,Peru
PER,Peru,2001,51.3,Peru
PER,Peru,2002,53.6,Peru
PER,Peru,2003,53.1,Peru
PER,Peru,2004,49.9,Peru
PER,Peru,2005,50.5,Peru
PER,Peru,2006,50.3,Peru
PER,Peru,2007,50.0,Peru
PER,Peru,2008,47.5,Peru
PER,Peru,2009,47.0,Peru
PER,Peru,2010,45.5,Peru
PER,Peru,2011,44.7,Peru
PER,Peru,2012,44.4,Peru
PER,Peru,2013,43.9,Peru
PER,Peru,2014,43.1,Peru
PER,Peru,2015,43.4,Peru
PER,Peru,2016,43.6,Peru
PER,Peru,2017,43.3,Peru
PER,Peru,2018,42.4,Peru
PER,Peru,2019,41.6,Peru
PER,Peru,2020,43.8,Peru
PHL,Philippines,2000,47.7,Philippines
PHL,Philippines,2003,46.6,Philippines
PHL,Philippines,2006,47.2,Philippines
PHL,Philippines,2009,46.3,Philippines
PHL,Philippines,2012,46.5,Philippines
PHL,Philippines,2015,44.6,Philippines
PHL,Philippines,2018,42.3,Philippines
PNG,Papua New Guinea,1996,45.8,Papua New Guinea
PNG,Papua New Guinea,2009,41.9,Papua New Guinea
POL,Poland,1985,25.2,Poland
POL,Poland,1986,28.0,Poland
POL,Poland,1987,25.5,Poland
POL,Poland,1989,26.9,Poland
POL,Poland,1992,29.3,Poland
POL,Poland,1995,34.6,Poland
POL,Poland,1999,32.1,Poland
POL,Poland,2004,38.0,Poland
POL,Poland,2005,35.8,Poland
POL,Poland,2006,34.7,Poland
POL,Poland,2007,34.0,Poland
POL,Poland,2008,33.5,Poland
POL,Poland,2009,33.4,Poland
POL,Poland,2010,33.2,Poland
POL,Poland,2011,33.2,Poland
POL,Poland,2012,33.0,Poland
POL,Poland,2013,33.1,Poland
POL,Poland,2014,32.8,Poland
POL,Poland,2015,31.8,Poland
POL,Poland,2016,31.2,Poland
POL,Poland,2017,29.7,Poland
POL,Poland,2018,30.2,Poland
PRT,Portugal,2003,38.8,Portugal
PRT,Portugal,2004,38.9,Portugal
PRT,Portugal,2005,38.5,Portugal
PRT,Portugal,2006,38.1,Portugal
PRT,Portugal,2007,36.8,Portugal
PRT,Portugal,2008,36.6,Portugal
PRT,Portugal,2009,34.9,Portugal
PRT,Portugal,2010,35.8,Portugal
PRT,Portugal,2011,36.3,Portugal
PRT,Portugal,2012,36.0,Portugal
PRT,Portugal,2013,36.2,Portugal
PRT,Portugal,2014,35.6,Portugal
PRT,Portugal,2015,35.5,Portugal
PRT,Portugal,2016,35.2,Portugal
PRT,Portugal,2017,33.8,Portugal
PRT,Portugal,2018,33.5,Portugal
PRT,Portugal,2019,32.8,Portugal
PRY,Paraguay,1990,40.8,Paraguay
PRY,Paraguay,1995,58.2,Paraguay
PRY,Paraguay,1997,54.9,Paraguay
PRY,Paraguay,1999,54.6,Paraguay
PRY,Paraguay,2001,54.6,Paraguay
PRY,Paraguay,2002,57.3,Paraguay
PRY,Paraguay,2003,54.9,Paraguay
PRY,Paraguay,2004,52.3,Paraguay
PRY,Paraguay,2005,51.4,Paraguay
PRY,Paraguay,2006,53.0,Paraguay
PRY,Paraguay,2007,53.0,Paraguay
PRY,Paraguay,2008,50.7,Paraguay
PRY,Paraguay,2009,49.1,Paraguay
PRY,Paraguay,2010,51.0,Paraguay
PRY,Paraguay,2011,52.3,Paraguay
PRY,Paraguay,2012,47.6,Paraguay
PRY,Paraguay,2013,47.9,Paraguay
PRY,Paraguay,2014,50.7,Paraguay
PRY,Paraguay,2015,47.6,Paraguay
PRY,Paraguay,2016,47.9,Paraguay
PRY,Paraguay,2017,48.5,Paraguay
PRY,Paraguay,2018,46.0,Paraguay
PRY,Paraguay,2019,45.7,Paraguay
PRY,Paraguay,2020,43.5,Paraguay
PSE,West Bank and Gaza,2004,34.0,Palestine
PSE,West Bank and Gaza,2005,34.7,Palestine
PSE,West Bank and Gaza,2006,34.0,Palestine
PSE,West Bank and Gaza,2007,35.6,Palestine
PSE,West Bank and Gaza,2009,34.5,Palestine
PSE,West Bank and Gaza,2010,35.3,Palestine
PSE,West Bank and Gaza,2011,34.4,Palestine
PSE,West Bank and Gaza,2016,33.7,Palestine
ROU,Romania,1989,23.3,Romania
ROU,Romania,1992,25.5,Romania
ROU,Romania,1994,28.2,Romania
ROU,Romania,1995,31.2,Romania
ROU,Romania,1997,30.5,Romania
ROU,Romania,2006,39.6,Romania
ROU,Romania,2007,37.5,Romania
ROU,Romania,2008,36.4,Romania
ROU,Romania,2009,35.6,Romania
ROU,Romania,2010,35.5,Romania
ROU,Romania,2011,35.9,Romania
ROU,Romania,2012,36.5,Romania
ROU,Romania,2013,36.9,Romania
ROU,Romania,2014,36.0,Romania
ROU,Romania,2015,35.9,Romania
ROU,Romania,2016,34.4,Romania
ROU,Romania,2017,36.0,Romania
ROU,Romania,2018,35.8,Romania
ROU,Romania,2019,34.8,Romania
RUS,Russian Federation,1993,48.4,Russia
RUS,Russian Federation,1996,46.1,Russia
RUS,Russian Federation,1997,38.4,Russia
RUS,Russian Federation,1998,38.1,Russia
RUS,Russian Federation,1999,37.4,Russia
RUS,Russian Federation,2000,37.1,Russia
RUS,Russian Federation,2001,36.9,Russia
RUS,Russian Federation,2002,37.3,Russia
RUS,Russian Federation,2003,40.0,Russia
RUS,Russian Federation,2004,40.3,Russia
RUS,Russian Federation,2005,41.3,Russia
RUS,Russian Federation,2006,41.0,Russia
RUS,Russian Federation,2007,42.3,Russia
RUS,Russian Federation,2008,41.6,Russia
RUS,Russian Federation,2009,39.8,Russia
RUS,Russian Federation,2010,39.5,Russia
RUS,Russian Federation,2011,39.7,Russia
RUS,Russian Federation,2012,40.7,Russia
RUS,Russian Federation,2013,40.9,Russia
RUS,Russian Federation,2014,39.9,Russia
RUS,Russian Federation,2015,37.7,Russia
RUS,Russian Federation,2016,36.8,Russia
RUS,Russian Federation,2017,37.2,Russia
RUS,Russian Federation,2018,37.5,Russia
RUS,Russian Federation,2019,37.7,Russia
RUS,Russian Federation,2020,36.0,Russia
RWA,Rwanda,2000,48.5,Rwanda
RWA,Rwanda,2005,52.0,Rwanda
RWA,Rwanda,2010,47.2,Rwanda
RWA,Rwanda,2013,45.1,Rwanda
RWA,Rwanda,2016,43.7,Rwanda
SDN,Sudan,2009,35.4,Sudan
SDN,Sudan,2014,34.2,Sudan
SEN,Senegal,1991,54.1,Senegal
SEN,Senegal,1994,41.4,Senegal
SEN,Senegal,2001,41.2,Senegal
SEN,Senegal,2005,39.2,Senegal
SEN,Senegal,2011,40.3,Senegal
SEN,Senegal,2018,38.1,Senegal
SLB,Solomon Islands,2005,46.1,Solomon Islands
SLB,Solomon Islands,2012,37.1,Solomon Islands
SLB,Solomon Islands,2013,37.1,Solomon Islands
SLE,Sierra Leone,2003,40.2,Sierra Leone
SLE,Sierra Leone,2011,34.0,Sierra Leone
SLE,Sierra Leone,2018,35.7,Sierra Leone
SLV,El Salvador,1991,54.0,El Salvador
SLV,El Salvador,1995,49.9,El Salvador
SLV,El Salvador,1996,51.0,El Salvador
SLV,El Salvador,1998,54.5,El Salvador
SLV,El Salvador,1999,52.2,El Salvador
SLV,El Salvador,2000,51.5,El Salvador
SLV,El Salvador,2001,51.4,El Salvador
SLV,El Salvador,2002,51.9,El Salvador
SLV,El Salvador,2003,50.5,El Salvador
SLV,El Salvador,2004,47.8,El Salvador
SLV,El Salvador,2005,48.5,El Salvador
SLV,El Salvador,2006,45.7,El Salvador
SLV,El Salvador,2007,45.2,El Salvador
SLV,El Salvador,2008,46.9,El Salvador
SLV,El Salvador,2009,45.8,El Salvador
SLV,El Salvador,2010,43.5,El Salvador
SLV,El Salvador,2011,42.3,El Salvador
SLV,El Salvador,2012,41.8,El Salvador
SLV,El Salvador,2013,43.4,El Salvador
SLV,El Salvador,2014,41.6,El Salvador
SLV,El Salvador,2015,40.6,El Salvador
SLV,El Salvador,2016,40.0,El Salvador
SLV,El Salvador,2017,38.0,El Salvador
SLV,El Salvador,2018,38.6,El Salvador
SLV,El Salvador,2019,38.8,El Salvador
SOM,Somalia,2017,36.8,Somalia
SRB,Serbia,2012,39.9,Serbia
SRB,Serbia,2013,39.5,Serbia
SRB,Serbia,2014,40.5,Serbia
SRB,Serbia,2015,40.5,Serbia
SRB,Serbia,2016,38.8,Serbia
SRB,Serbia,2017,36.2,Serbia
SRB,Serbia,2018,35.0,Serbia
SRB,Serbia,2019,34.5,Serbia
SSD,South Sudan,2009,46.3,South Sudan
SSD,South Sudan,2016,44.1,South Sudan
STP,Sao Tome and Principe,2000,32.1,Sao Tome and Principe
STP,Sao Tome and Principe,2010,30.8,Sao Tome and Principe
STP,Sao Tome and Principe,2017,40.7,Sao Tome and Principe
SUR,Suriname,1999,57.9,Suriname
SVK,Slovak Republic,1992,20.2,Slovakia
SVK,Slovak Republic,1996,26.3,Slovakia
SVK,Slovak Republic,2004,27.1,Slovakia
SVK,Slovak Republic,2005,29.3,Slovakia
SVK,Slovak Republic,2006,25.8,Slovakia
SVK,Slovak Republic,2007,24.7,Slovakia
SVK,Slovak Republic,2008,26.0,Slovakia
SVK,Slovak Republic,2009,27.2,Slovakia
SVK,Slovak Republic,2010,27.3,Slovakia
SVK,Slovak Republic,2011,26.5,Slovakia
SVK,Slovak Republic,2012,26.1,Slovakia
SVK,Slovak Republic,2013,28.1,Slovakia
SVK,Slovak Republic,2014,26.1,Slovakia
SVK,Slovak Republic,2015,26.5,Slovakia
SVK,Slovak Republic,2016,25.2,Slovakia
SVK,Slovak Republic,2017,23.2,Slovakia
SVK,Slovak Republic,2018,25.0,Slovakia
SVK,Slovak Republic,2019,23.2,Slovakia
SVN,Slovenia,1987,23.6,Slovenia
SVN,Slovenia,1993,29.2,Slovenia
SVN,Slovenia,1997,24.1,Slovenia
SVN,Slovenia,1999,24.0,Slovenia
SVN,Slovenia,2004,24.8,Slovenia
SVN,Slovenia,2005,24.6,Slovenia
SVN,Slovenia,2006,24.4,Slovenia
SVN,Slovenia,2007,24.4,Slovenia
SVN,Slovenia,2008,23.7,Slovenia
SVN,Slovenia,2009,24.8,Slovenia
SVN,Slovenia,2010,24.9,Slovenia
SVN,Slovenia,2011,24.9,Slovenia
SVN,Slovenia,2012,25.6,Slovenia
SVN,Slovenia,2013,26.2,Slovenia
SVN,Slovenia,2014,25.7,Slovenia
SVN,Slovenia,2015,25.4,Slovenia
SVN,Slovenia,2016,24.8,Slovenia
SVN,Slovenia,2017,24.2,Slovenia
SVN,Slovenia,2018,24.6,Slovenia
SVN,Slovenia,2019,24.4,Slovenia
SWE,Sweden,1967,34.0,Sweden
SWE,Sweden,1975,24.3,Sweden
SWE,Sweden,1981,22.9,Sweden
SWE,Sweden,1987,23.1,Sweden
SWE,Sweden,1992,24.9,Sweden
SWE,Sweden,1995,25.2,Sweden
SWE,Sweden,2000,27.2,Sweden
SWE,Sweden,2003,25.3,Sweden
SWE,Sweden,2004,26.1,Sweden
SWE,Sweden,2005,26.8,Sweden
SWE,Sweden,2006,26.4,Sweden
SWE,Sweden,2007,27.1,Sweden
SWE,Sweden,2008,28.1,Sweden
SWE,Sweden,2009,27.3,Sweden
SWE,Sweden,2010,27.7,Sweden
SWE,Sweden,2011,27.6,Sweden
SWE,Sweden,2012,27.6,Sweden
SWE,Sweden,2013,28.8,Sweden
SWE,Sweden,2014,28.4,Sweden
SWE,Sweden,2015,29.2,Sweden
SWE,Sweden,2016,29.6,Sweden
SWE,Sweden,2017,28.8,Sweden
SWE,Sweden,2018,30.0,Sweden
SWE,Sweden,2019,29.3,Sweden
SWZ,Eswatini,1994,60.5,Eswatini
SWZ,Eswatini,2000,53.1,Eswatini
SWZ,Eswatini,2009,51.5,Eswatini
SWZ,Eswatini,2016,54.6,Eswatini
SYC,Seychelles,2013,46.8,Seychelles
SYC,Seychelles,2018,32.1,Seychelles
SYR,Syrian Arab Republic,1996,35.2,Syria
SYR,Syrian Arab Republic,2003,37.5,Syria
SYR,Syrian Arab Republic,2004,35.8,Syria
TCD,Chad,2003,39.8,Chad
TCD,Chad,2011,43.3,Chad
TCD,Chad,2018,37.5,Chad
TGO,Togo,2006,42.2,Togo
TGO,Togo,2011,46.0,Togo
TGO,Togo,2015,43.1,Togo
TGO,Togo,2018,42.4,Togo
THA,Thailand,1981,45.2,Thailand
THA,Thailand,1988,43.8,Thailand
THA,Thailand,1990,45.3,Thailand
THA,Thailand,1992,47.9,Thailand
THA,Thailand,1994,43.5,Thailand
THA,Thailand,1996,42.9,Thailand
THA,Thailand,1998,41.5,Thailand
THA,Thailand,1999,43.1,Thailand
THA,Thailand,2000,42.8,Thailand
THA,Thailand,2002,41.9,Thailand
THA,Thailand,2004,42.5,Thailand
THA,Thailand,2006,41.8,Thailand
THA,Thailand,2007,39.8,Thailand
THA,Thailand,2008,40.3,Thailand
THA,Thailand,2009,39.6,Thailand
THA,Thailand,2010,39.4,Thailand
THA,Thailand,2011,37.5,Thailand
THA,Thailand,2012,39.3,Thailand
THA,Thailand,2013,37.8,Thailand
THA,Thailand,2014,37.0,Thailand
THA,Thailand,2015,36.0,Thailand
THA,Thailand,2016,36.9,Thailand
THA,Thailand,2017,36.5,Thailand
THA,Thailand,2018,36.4,Thailand
THA,Thailand,2019,34.9,Thailand
THA,Thailand,2020,35.0,Thailand
TJK,Tajikistan,1999,29.5,Tajikistan
TJK,Tajikistan,2003,32.7,Tajikistan
TJK,Tajikistan,2004,33.6,Tajikistan
TJK,Tajikistan,2007,32.2,Tajikistan
TJK,Tajikistan,2009,30.8,Tajikistan
TJK,Tajikistan,2015,34.0,Tajikistan
TKM,Turkmenistan,1998,40.8,Turkmenistan
TLS,Timor-Leste,2001,35.9,Timor-Leste
TLS,Timor-Leste,2007,27.8,Timor-Leste
TLS,Timor-Leste,2014,28.7,Timor-Leste
TON,Tonga,2000,37.7,Tonga
TON,Tonga,2001,37.7,Tonga
TON,Tonga,2009,37.5,Tonga
TON,Tonga,2015,37.6,Tonga
TTO,Trinidad and Tobago,1988,42.6,Trinidad and Tobago
TTO,Trinidad and Tobago,1992,40.3,Trinidad and Tobago
TUN,Tunisia,1985,43.4,Tunisia
TUN,Tunisia,1990,40.2,Tunisia
TUN,Tunisia,1995,41.7,Tunisia
TUN,Tunisia,2000,40.8,Tunisia
TUN,Tunisia,2005,37.7,Tunisia
TUN,Tunisia,2010,35.8,Tunisia
TUN,Tunisia,2015,32.8,Tunisia
TUR,Turkiye,1987,43.5,Turkey
TUR,Turkiye,1994,41.3,Turkey
TUR,Turkiye,2002,41.4,Turkey
TUR,Turkiye,2003,42.2,Turkey
TUR,Turkiye,2004,41.3,Turkey
TUR,Turkiye,2005,42.6,Turkey
TUR,Turkiye,2006,39.6,Turkey
TUR,Turkiye,2007,38.4,Turkey
TUR,Turkiye,2008,39.0,Turkey
TUR,Turkiye,2009,39.0,Turkey
TUR,Turkiye,2010,38.8,Turkey
TUR,Turkiye,2011,40.0,Turkey
TUR,Turkiye,2012,40.2,Turkey
TUR,Turkiye,2013,40.2,Turkey
TUR,Turkiye,2014,41.2,Turkey
TUR,Turkiye,2015,42.9,Turkey
TUR,Turkiye,2016,41.9,Turkey
TUR,Turkiye,2017,41.4,Turkey
TUR,Turkiye,2018,41.9,Turkey
TUR,Turkiye,2019,41.9,Turkey
TUV,Tuvalu,2010,39.1,Tuvalu
TZA,Tanzania,1991,35.3,Tanzania
TZA,Tanzania,2000,37.3,Tanzania
TZA,Tanzania,2007,40.3,Tanzania
TZA,Tanzania,2011,37.8,Tanzania
TZA,Tanzania,2017,40.5,Tanzania
TZA,Tanzania,2018,40.5,Tanzania
UGA,Uganda,1989,44.4,Uganda
UGA,Uganda,1992,41.4,Uganda
UGA,Uganda,1996,39.0,Uganda
UGA,Uganda,1999,43.0,Uganda
UGA,Uganda,2002,45.2,Uganda
UGA,Uganda,2005,42.9,Uganda
UGA,Uganda,2009,44.2,Uganda
UGA,Uganda,2012,41.0,Uganda
UGA,Uganda,2016,42.8,Uganda
UGA,Uganda,2019,42.7,Uganda
UKR,Ukraine,1992,29.7,Ukraine
UKR,Ukraine,1993,28.9,Ukraine
UKR,Ukraine,1995,39.3,Ukraine
UKR,Ukraine,1996,35.2,Ukraine
UKR,Ukraine,2002,29.0,Ukraine
UKR,Ukraine,2003,28.7,Ukraine
UKR,Ukraine,2004,28.9,Ukraine
UKR,Ukraine,2005,29.0,Ukraine
UKR,Ukraine,2006,29.8,Ukraine
UKR,Ukraine,2007,27.0,Ukraine
UKR,Ukraine,2008,26.6,Ukraine
UKR,Ukraine,2009,25.3,Ukraine
UKR,Ukraine,2010,24.8,Ukraine
UKR,Ukraine,2011,24.6,Ukraine
UKR,Ukraine,2012,24.7,Ukraine
UKR,Ukraine,2013,24.6,Ukraine
UKR,Ukraine,2014,24.0,Ukraine
UKR,Ukraine,2015,25.5,Ukraine
UKR,Ukraine,2016,25.0,Ukraine
UKR,Ukraine,2017,26.0,Ukraine
UKR,Ukraine,2018,26.1,Ukraine
UKR,Ukraine,2019,26.6,Ukraine
UKR,Ukraine,2020,25.6,Ukraine
URY,Uruguay,1992,41.5,Uruguay
URY,Uruguay,1995,40.9,Uruguay
URY,Uruguay,1996,40.8,Uruguay
URY,Uruguay,1997,41.5,Uruguay
URY,Uruguay,1998,42.5,Uruguay
URY,Uruguay,2000,42.9,Uruguay
URY,Uruguay,2001,45.0,Uruguay
URY,Uruguay,2002,45.5,Uruguay
URY,Uruguay,2003,45.0,Uruguay
URY,Uruguay,2004,45.9,Uruguay
URY,Uruguay,2005,44.7,Uruguay
URY,Uruguay,2006,45.9,Uruguay
URY,Uruguay,2007,46.4,Uruguay
URY,Uruguay,2008,45.1,Uruguay
URY,Uruguay,2009,45.5,Uruguay
URY,Uruguay,2010,44.5,Uruguay
URY,Uruguay,2011,42.2,Uruguay
URY,Uruguay,2012,39.9,Uruguay
URY,Uruguay,2013,40.5,Uruguay
URY,Uruguay,2014,40.1,Uruguay
URY,Uruguay,2015,40.1,Uruguay
URY,Uruguay,2016,39.7,Uruguay
URY,Uruguay,2017,39.5,Uruguay
URY,Uruguay,2018,39.7,Uruguay
URY,Uruguay,2019,39.7,Uruguay
URY,Uruguay,2020,40.2,Uruguay
USA,United States,1974,35.3,United States of America
USA,United States,1979,34.5,United States of America
USA,United States,1986,37.4,United States of America
USA,United States,1991,38.0,United States of America
USA,United States,1992,38.4,United States of America
USA,United States,1993,40.4,United States of America
USA,United States,1994,40.0,United States of America
USA,United States,1995,39.9,United States of America
USA,United States,1996,40.3,United States of America
USA,United States,1997,40.5,United States of America
USA,United States,1998,40.0,United States of America
USA,United States,1999,40.0,United States of America
USA,United States,2000,40.1,United States of America
USA,United States,2001,40.6,United States of America
USA,United States,2002,40.4,United States of America
USA,United States,2003,40.8,United States of America
USA,United States,2004,40.3,United States of America
USA,United States,2005,41.0,United States of America
USA,United States,2006,41.4,United States of America
USA,United States,2007,40.8,United States of America
USA,United States,2008,40.8,United States of America
USA,United States,2009,40.6,United States of America
USA,United States,2010,40.0,United States of America
USA,United States,2011,40.9,United States of America
USA,United States,2012,40.9,United States of America
USA,United States,2013,40.7,United States of America
USA,United States,2014,41.5,United States of America
USA,United States,2015,41.2,United States of America
USA,United States,2016,41.1,United States of America
USA,United States,2017,41.2,United States of America
USA,United States,2018,41.4,United States of America
USA,United States,2019,41.5,United States of America
UZB,Uzbekistan,1998,44.7,Uzbekistan
UZB,Uzbekistan,2000,36.1,Uzbekistan
UZB,Uzbekistan,2002,33.0,Uzbekistan
UZB,Uzbekistan,2003,35.3,Uzbekistan
VEN,"Venezuela, RB",1981,55.6,Venezuela
VEN,"Venezuela, RB",1987,53.4,Venezuela
VEN,"Venezuela, RB",1989,43.8,Venezuela
VEN,"Venezuela, RB",1992,42.1,Venezuela
VEN,"Venezuela, RB",1995,47.2,Venezuela
VEN,"Venezuela, RB",1998,48.1,Venezuela
VEN,"Venezuela, RB",1999,47.8,Venezuela
VEN,"Venezuela, RB",2001,47.2,Venezuela
VEN,"Venezuela, RB",2002,49.0,Venezuela
VEN,"Venezuela, RB",2003,48.1,Venezuela
VEN,"Venezuela, RB",2004,47.5,Venezuela
VEN,"Venezuela, RB",2005,49.5,Venezuela
VEN,"Venezuela, RB",2006,44.8,Venezuela
VNM,Vietnam,1992,35.7,Vietnam
VNM,Vietnam,1997,35.4,Vietnam
VNM,Vietnam,1998,35.4,Vietnam
VNM,Vietnam,2002,37.0,Vietnam
VNM,Vietnam,2004,36.8,Vietnam
VNM,Vietnam,2006,35.8,Vietnam
VNM,Vietnam,2008,35.6,Vietnam
VNM,Vietnam,2010,39.3,Vietnam
VNM,Vietnam,2012,35.6,Vietnam
VNM,Vietnam,2014,34.8,Vietnam
VNM,Vietnam,2016,35.3,Vietnam
VNM,Vietnam,2018,35.7,Vietnam
VUT,Vanuatu,2010,37.4,Vanuatu
VUT,Vanuatu,2019,32.3,Vanuatu
WSM,Samoa,2002,40.7,Samoa
WSM,Samoa,2008,42.0,Samoa
WSM,Samoa,2013,38.7,Samoa
XKX,Kosovo,2003,29.0,Kosovo
XKX,Kosovo,2005,31.2,Kosovo
XKX,Kosovo,2006,30.3,Kosovo
XKX,Kosovo,2009,31.8,Kosovo
XKX,Kosovo,2010,33.3,Kosovo
XKX,Kosovo,2011,27.8,Kosovo
XKX,Kosovo,2012,29.0,Kosovo
XKX,Kosovo,2013,26.3,Kosovo
XKX,Kosovo,2014,27.3,Kosovo
XKX,Kosovo,2015,26.5,Kosovo
XKX,Kosovo,2016,26.7,Kosovo
XKX,Kosovo,2017,29.0,Kosovo
YEM,"Yemen, Rep.",1998,35.0,Yemen
YEM,"Yemen, Rep.",2005,34.7,Yemen
YEM,"Yemen, Rep.",2014,36.7,Yemen
ZAF,South Africa,1993,59.3,South Africa
ZAF,South Africa,1996,60.7,South Africa
ZAF,South Africa,2000,57.8,South Africa
ZAF,South Africa,2005,64.8,South Africa
ZAF,South Africa,2008,63.0,South Africa
ZAF,South Africa,2010,63.4,South Africa
ZAF,South Africa,2014,63.0,South Africa
ZMB,Zambia,1991,60.5,Zambia
ZMB,Zambia,1993,52.6,Zambia
ZMB,Zambia,1996,48.3,Zambia
ZMB,Zambia,1998,49.1,Zambia
ZMB,Zambia,2002,42.1,Zambia
ZMB,Zambia,2004,54.3,Zambia
ZMB,Zambia,2006,54.6,Zambia
ZMB,Zambia,2010,55.6,Zambia
ZMB,Zambia,2015,57.1,Zambia
ZWE,Zimbabwe,2011,43.2,Zimbabwe
ZWE,Zimbabwe,2017,44.3,Zimbabwe
ZWE,Zimbabwe,2019,50.3,Zimbabwe
